Project_Name,LM_Script_Name,LM_Num,Is_LaserModelname,Is_LaserConfig,PSN_PRE
95.2998T00,25,24,0,0,PT524R
95.2732T00,31,24,0,0,PT524R
95.2796T05,33,12,0,0,P4N2C0
U73J048T00,51,10,0,0,P4N295
95.3192T01,52,10,0,0,P4N2UD
U73J048T04,53,10,0,0,P4N2EM
U73J048T05,54,10,0,0,P4N2EL
95.2796T04,47,12,0,0,P4N2D2
95.2796T08,55,12,0,0,PT52C2
95.2796T07,56,12,0,0,PT52EK
Goldfish_95.2729T00,58,6,0,0,PT524Q
95.3192T00,50,10,0,0,P4N2UC
95.3192T02,45,10,0,0,PT532E
95.3192T03,46,10,0,0,PT532F
ND_95.3153T00,68,36,0,0,PT52TS
ND_U73J075T00,69,8,0,0,PT52TP
ND_95.3154T00,71,12,0,0,PT52TR
ND_95.3166T00,67,12,0,0,PT52TQ
GI_31-008761,72,4,0,0,PT52W0
Marlin_(31-009514),76,6,0,0,PT53AE
Marlin_MB(31-009517),79,6,0,0,P4N3AG
Marlin_MB(31-009515),75,6,0,0,PT53AF
Marlin_(31-009506),77,10,0,0,PT53AC
Marlin 2nd_IR(31-009513),105,20,0,0,PT53AD
Marlin_MB(31-010268),86,6,0,0,P4N3S9
Marlin_MB(31-010270),89,6,0,0,PT53SA
Karat_31-009654,87,10,0,0,PT547M
Mantra_31-009655,88,10,0,0,PT547N
CYSCLOP-MB-31-010427,15,5,0,0,PT53QG
CYSCLOP-IR-31-010429,17,18,0,0,PT53SJ
CYSCLOP-PB-31-010430,18,18,0,0,PT53SG
CYCLOPS-CB-31-010428,16,20,0,0,PT53SH
Sheldon (31-006459),21,12,0,0,PT5261
Cony,48,10,0,0,P4N3G6
Debug_95.3152T00,62,6,0,0,P4NNDB
DEBUG_CYCLOPS,97,4,0,0,P4NSDB
PRIME_31-010815,20,6,0,0,PT53UV
31-100381,118,6,0,0,PT547W
